{"cameraMode":{"drawMode":0,"name":"Shaded","section":"Shading Mode"},"sceneLighting":true,"audioPlay":false,"sceneViewState":{"showFog":true,"showMaterialUpdate":false,"showSkybox":true,"showFlares":true,"showImageEffects":true,"showParticleSystems":true},"in2DMode":false,"pivot":{"x":-0.006575274281203747,"y":0.21419966220855714,"z":-0.44310200214385989},"rotation":{"x":-0.004543703515082598,"y":0.985066294670105,"z":-0.17010749876499177,"w":-0.02631167322397232},"size":2.2937188148498537,"orthographic":false}